Episode,Reward,Steps,Success,Noise
0,-2007.5929,200,True,0.29985
1,-660.71655,88,True,0.299700075
