{
    "training_time": "2024-11-28 23:13:14.859482",
    "parameters": {
        "num_episodes": 500,
        "max_steps": 200,
        "num_red": 3,
        "num_blue": 3,
        "state_dim": 5,
        "action_dim": 2,
        "lr": 0.0003,
        "gamma": 0.99,
        "tau": 0.005,
        "initial_noise": 0.3,
        "noise_decay": 0.9995,
        "min_noise": 0.01,
        "hidden_dim": 256,
        "batch_size": 256,
        "buffer_size": 1000000,
        "max_velocity": 5.0,
        "seed": 42
    },
    "metrics": {
        "total_episodes": 2,
        "average_reward": -1334.15478515625,
        "max_reward": -660.716552734375,
        "min_reward": -2007.5928955078125,
        "success_rate": 100.0,
        "average_steps": 144.0,
        "final_100_episodes": {
            "avg_reward": -1334.15478515625,
            "success_rate": 100.0,
            "avg_steps": 144.0
        }
    }
}