{
    "train_time": "2024-11-28T21:28:40.601334",
    "num_episodes": 100,
    "num_agents": 6,
    "rewards_per_episode": [
        -3486.8831557631493,
        -3489.710491299629,
        -2982.2437686920166,
        -3546.871031165123,
        -3602.7868769168854,
        -3493.4756610393524,
        -3366.1527856588364,
        -3378.195668697357,
        -3390.043994396925,
        -2976.304676055908,
        -3489.9096477627754,
        -2929.9130114912987,
        -3513.781477212906,
        -3452.1847821474075,
        -3605.5537204146385,
        -3362.356037735939,
        -3585.032708823681,
        -3572.7149471640587,
        -3329.2622670531273,
        -3316.5441126823425,
        -3637.7270829081535,
        -3364.3598234653473,
        -3026.6631640195847,
        -3566.1343851089478,
        -3583.3206835389137,
        -3425.6655201911926,
        -2866.9696979522705,
        -3459.3314475417137,
        -3307.192401111126,
        -3479.3484510183334,
        -2917.2415964007378,
        -3397.1047918200493,
        -2826.9969052672386,
        -3417.24288135767,
        -3558.0946785211563,
        -3356.5876671671867,
        -3356.1836429834366,
        -2856.281039595604,
        -3543.227517783642,
        -3518.920176386833,
        -3387.3209607601166,
        -3376.30538135767,
        -3216.3785539269447,
        -2916.1489164829254,
        -3393.328885912895,
        -3427.575255692005,
        -3408.884147107601,
        -3573.891553401947,
        -3015.098800599575,
        -3407.1757323741913,
        -3452.498130261898,
        -2889.120673060417,
        -3347.147514164448,
        -9.911842465400696,
        -3466.9566388726234,
        -7.552569925785065,
        -3433.6478612422943,
        -3244.383285164833,
        -3438.630233705044,
        -2752.1882081627846,
        -3488.4801601171494,
        -3493.745876431465,
        -3572.7696346640587,
        -18.584256529808044,
        -3445.213886618614,
        -3582.1114803552628,
        -3485.364269077778,
        -3296.762709438801,
        -3478.459306240082,
        -3437.628008186817,
        -3539.0417744517326,
        -3520.5624918937683,
        -3613.060006558895,
        -3568.924715399742,
        -3474.6659975647926,
        -3184.5289266705513,
        -3335.101452291012,
        -13.855695962905884,
        -3293.2296963334084,
        -3482.518772304058,
        -3400.018902361393,
        -3437.37273812294,
        -3592.5784662365913,
        -3409.2228259444237,
        -2929.982349574566,
        -3601.213404595852,
        -3482.5055448412895,
        -3434.3041018247604,
        -3513.6579214930534,
        -2891.02183380723,
        -3477.524230659008,
        -3349.6872973442078,
        -3460.53622597456,
        -2794.1576014757156,
        -3556.6995480060577,
        -3549.1763002872467,
        -3577.6386645436287,
        -3538.105407357216,
        -3446.3073580265045,
        -3293.8934218883514
    ],
    "steps_per_episode": [
        100,
        100,
        100,
        100,
        100,
        100,
        100,
        100,
        100,
        100,
        100,
        100,
        100,
        100,
        100,
        100,
        100,
        100,
        100,
        100,
        100,
        100,
        100,
        100,
        100,
        100,
        100,
        100,
        100,
        100,
        100,
        100,
        100,
        100,
        100,
        100,
        100,
        100,
        100,
        100,
        100,
        100,
        100,
        100,
        100,
        100,
        100,
        100,
        100,
        100,
        100,
        100,
        100,
        10,
        100,
        8,
        100,
        100,
        100,
        100,
        100,
        100,
        100,
        12,
        100,
        100,
        100,
        100,
        100,
        100,
        100,
        100,
        100,
        100,
        100,
        100,
        100,
        11,
        100,
        100,
        100,
        100,
        100,
        100,
        100,
        100,
        100,
        100,
        100,
        100,
        100,
        100,
        100,
        100,
        100,
        100,
        100,
        100,
        100,
        100
    ],
    "success_per_episode": [
        false,
        false,
        false,
        false,
        false,
        false,
        false,
        false,
        false,
        false,
        false,
        false,
        false,
        false,
        false,
        false,
        false,
        false,
        false,
        false,
        false,
        false,
        false,
        false,
        false,
        false,
        false,
        false,
        false,
        false,
        false,
        false,
        false,
        false,
        false,
        false,
        false,
        false,
        false,
        false,
        false,
        false,
        false,
        false,
        false,
        false,
        false,
        false,
        false,
        false,
        false,
        false,
        false,
        true,
        false,
        true,
        false,
        false,
        false,
        false,
        false,
        false,
        false,
        true,
        false,
        false,
        false,
        false,
        false,
        false,
        false,
        false,
        false,
        false,
        false,
        false,
        false,
        true,
        false,
        false,
        false,
        false,
        false,
        false,
        false,
        false,
        false,
        false,
        false,
        false,
        false,
        false,
        false,
        false,
        false,
        false,
        false,
        false,
        false,
        false
    ],
    "parameters": {
        "num_red": 3,
        "num_blue": 3,
        "state_dim": 5,
        "action_dim": 2,
        "lr": 0.001,
        "gamma": 0.95,
        "tau": 0.01,
        "noise": 0.1,
        "max_velocity": 5.0,
        "batch_size": 64,
        "buffer_size": 1000000
    }
}